country,display_country,departures
China,China,592460
"UK, CIs & IOM",UK,396040
New Zealand,New Zealand,331410
India,India,260650
USA,USA,169720
"Korea, South",Korea South,169190
Malaysia,Malaysia,139660
Japan,Japan,109180
Indonesia,Indonesia,99540
Philippines,Philippines,76000
