display_country,continent,value
China,Asia,592460
UK,Europe,396040
New Zealand,Oceania,331410
India,Asia,260650
USA,Americas,169720
Korea South,Asia,169190
Malaysia,Asia,139660
Japan,Asia,109180
Indonesia,Asia,99540
Philippines,Asia,76000
